{
	"pages": [ //pages数组中第一项表示应用启动页，参考：https://uniapp.dcloud.io/collocation/pages
		{
			"path": "pages/index/index",
			"style": {
				"navigationBarTitleText": "首页",

				"navigationStyle":"default",
				"enablePullDownRefresh":true

			}
		}, {
			"path": "pages/login/login",
			"style": {
				"navigationStyle":"custom"
			}
		}, {
			"path": "pages/user/user",
			"style": {
				"navigationStyle":"custom"
			}
		}, {
			"path": "pages/category/category",
			"style": {

				"navigationBarTitleText":"商品分类"
			}
		}

        ,{
            "path" : "pages/goodslist/goodslist",
            "style" : {
				"enablePullDownRefresh":true,
				"navigationBarTitleText":"分类列表"
			}
        }
        ,{
            "path" : "pages/goodsInfo/goodsInfo",
            "style" : {
				"enablePullDownRefresh":true,
				"navigationBarTitleText":"商品信息"
			}
        },
		{
		    "path" : "pages/shopping/shopping",
		    "style" : {
				"navigationBarTitleText":"购物车"
			}
		}
        ,{
            "path" : "pages/goodsorders/goodsorders",
            "style" : {}
        }
        ,{
            "path" : "pages/address/address",
            "style" : {}
        }
        ,{
            "path" : "pages/add-address/add-address",
            "style" : {}
        }
        ,{
            "path" : "pages/orderAll/orderAll",
            "style" : {}
        }
        ,{
            "path" : "pages/search/search",
            "style" : {}
        }
        ,{
            "path" : "pages/test/test",
            "style" : {}
        }
        ,{
            "path" : "pages/payment/payment",
            "style" : {
				"navigationBarTitleText":"支付成功"
			}
        }
    ],
	"globalStyle": {
		"navigationBarTextStyle": "black",

		"navigationBarTitleText": "生鲜超市",
		"navigationBarBackgroundColor": "#ffffff",
		"backgroundColor": "#F8F8F8"
	},
	"tabBar": {
		"color": "#7A7E83",
		"selectedColor": "#f4ea2a",
		"borderStyle": "black",
		"backgroundColor": "#ffffff",
		"list": [{
			"pagePath": "pages/index/index",
			"iconPath": "static/tabbar/index.png",
			"selectedIconPath": "static/tabbar/index1.png",
			"text": "首页"
		}, {
			"pagePath": "pages/category/category",
			"iconPath": "static/tabbar/category.png",
			"selectedIconPath": "static/tabbar/category1.png",
			"text": "分类"
		}, {
			"pagePath": "pages/shopping/shopping",
			"iconPath": "static/tabbar/shopping.png",
			"selectedIconPath": "static/tabbar/shopping1.png",
			"text": "购物车"
		}, {
			"pagePath": "pages/user/user",
			"iconPath": "static/tabbar/user.png",
			"selectedIconPath": "static/tabbar/user1.png",
			"text": "我的"
		}]
	}

}
